Model,F1-Score,P-Value
modelHOG+SVM,0.9700955100955028,0.00436588770590602
modelLBP+SVM,0.9137362989069773,0.009331755150277727
modelHOG+KNN,0.9507504778195983,0.008170225620208133
modelLBP+KNN,0.8855507374688202,0.01594512235555454
modelHOG+RF,0.9477983311605405,0.010159007342673474
modelLBP+RF,0.895985038837176,0.015712159878921755
