Model,Fold,Exactitud,Sensibilidad,Especificidad,Precisión,F1-Score,AUC
ANN - Validation,1,0.7421203255653381,0.7421203255653381,0.9968544678411149,1.0,0.8519735932350159,0.9399637579917908
ANN - Validation,2,0.7421203255653381,0.7421203255653381,0.9968544678411149,1.0,0.8519735932350159,0.9367462992668152
ANN - Validation,3,0.7418738007545471,0.7418738007545471,0.9968550658477068,1.0,0.8518111109733582,0.934843897819519
ANN - Validation,4,0.7418738007545471,0.7418738007545471,0.9968550658477068,1.0,0.8518111109733582,0.9361540079116821
ANN - Validation,5,0.7428297996520996,0.7428297996520996,0.9968410848897885,1.0,0.8524409532546997,0.9314540028572083
Xception94 - Validation,1,0.7423547506332397,0.742256224155426,0.9987374075505187,1.0,0.8520631194114685,0.5411216020584106
Xception94 - Validation,2,0.7415902018547058,0.7421576380729675,0.9987380571368877,0.9989701509475708,0.8516241908073425,0.4727250039577484
Xception94 - Validation,1,0.7423547506332397,0.742256224155426,0.9987374075505187,1.0,0.8520631194114685,0.5411216020584106
Xception94 - Validation,2,0.7415902018547058,0.7421576380729675,0.9987380571368877,0.9989701509475708,0.8516241908073425,0.4727250039577484