Model,Exactitud,Sensibilidad,Especificidad,Precisión,F1-Score,AUC
Xception - Validation,0.942638635635376,0.9893617033958435,0.8062500030035153,0.9346733689308167,0.961240291595459,0.9905930161476135
Xception - Test,0.8525640964508057,0.9435897469520569,0.29914529914529914,0.8401826620101929,0.8888888359069824,0.9299747943878174
VGG16 - Validation,0.90439772605896,0.9833333492279053,0.8652968072444273,0.8894472122192383,0.934036910533905,0.9844422340393066
VGG16 - Test,0.879807710647583,0.9435897469520569,0.2264957264957265,0.8741092681884766,0.9075214862823486,0.9366479516029358
ResNet50 - Validation,0.923518180847168,0.9786096215248108,0.8940359015778635,0.9195979833602905,0.9481865167617798,0.9710151553153992
ResNet50 - Test,0.8637820482254028,0.9461538195610046,0.27350427350427353,0.8521940112113953,0.896719217300415,0.9320677518844604

